Ban,Champion,Game Name,Game Time,Patch,Role,Side,Summoner Name,Team Name,Win/Lose,A,CS(JG camps),CS(Minion),Cs/M,Cs@10,D,D%,DMG,Dmg%,Dmg/Gold,Dmg/M,DT,DT%,Dt/D,Fbpar,G,G/M,GS,K,KDA,Kpar,KS,Sweep/M,Total CS,Vision Score/M,Ward/M
Aurora1,KSante,Game 1,30/12/1899 0:27:59,14.15.604.8769,TOP,Blue,ftr,UQ,Win,10,0,185,6.611078023,69,4,0.190476190,21617,0.192575465,1.559555588,772.495533055,25829,0.210102944,6457.25,0,13861,495.131679983,0.215219552,9,4.75,0.475,0.225,0.071471114,185,0.653439239,0.285884455
Swain3,Brand,Game 1,30/12/1899 0:27:59,14.15.604.8769,JUNGLE,Blue,Luquhorijy,UQ,Win,22,150,22,6.146515783,68.000000060,7,0.333333333,36075,0.321377393,2.560871726,1289.160214413,30018,0.244177674,4288.285714286,0,14087,503.230917730,0.218728650,11,4.714285714,0.825,0.275,0.142942228,172,1.181297267,0.214413341
Jinx5,Ahri,Game 1,30/12/1899 0:27:59,14.15.604.8769,MIDDLE,Blue,shyshyshyy,UQ,Win,8,0,210,7.504466945,84,3,0.142857143,20739,0.184756051,1.644125575,741.119714116,21051,0.171240764,7017,0,12614,450.596093226,0.195857400,9,5.666666667,0.425,0.225,0.142942228,210,0.635351220,0.285884455
No Ban,Zeri,Game 1,30/12/1899 0:27:59,14.15.604.8769,BOTTOM,Blue,Bot Incident,UQ,Win,15,12,248,9.291244789,77,4,0.190476190,23602,0.210260243,1.526846940,843.430613460,19529,0.158858888,4882.25,0,15458,552.200364482,0.240016148,10,6.25,0.625,0.25,0.071471114,260,0.478835549,0.214413341
No Ban,Leona,Game 1,30/12/1899 0:27:59,14.15.604.8769,UTILITY,Blue,Caine,UQ,Win,24,0,28,1.000595593,15,3,0.142857143,10218,0.091030848,1.21875,365.145920191,26507,0.215619730,8835.666666667,0,8384,299.491658520,0.130178250,1,8.333333333,0.625,0.025,0.357355569,28,3.120129373,1.429422275
Evelynn2,Renekton,Game 1,30/12/1899 0:27:59,14.15.604.8769,TOP,Red,Ai Nanasaki,RMIT Black,Lose,10,2,208,7.504466945,73.25,8,0.2,15233,0.170814730,1.283535558,544.359737939,37111,0.263632615,4638.875,1,11868,423.943294114,0.222513874,4,1.75,0.666666667,0.190476190,0.035735557,210,0.691411570,0.357355569
Kindred4,Shyvana,Game 1,30/12/1899 0:27:59,14.15.604.8769,JUNGLE,Red,jen loves yin,RMIT Black,Lose,9,161,22,6.539606909,56.450000077,7,0.175,28426,0.318743203,2.482836929,1015.818939845,35207,0.250104687,5029.571428571,0,11449,408.981122717,0.214658017,4,1.857142857,0.619047619,0.190476190,0.142942228,183,1.220200482,0.357355569
Lillia6,Tristana,Game 1,30/12/1899 0:27:59,14.15.604.8769,MIDDLE,Red,Bradlez,RMIT Black,Lose,4,4,214,7.790351400,76.5,9,0.225,22381,0.250966144,1.708342875,799.797498511,24551,0.174410999,2727.888888889,1,13101,468.004849767,0.245631468,10,1.555555556,0.666666667,0.476190476,0.142942228,218,0.814591411,0.321620012
No Ban,Ashe,Game 1,30/12/1899 0:27:59,14.15.604.8769,BOTTOM,Red,Fishbones,RMIT Black,Lose,8,4,215,7.826086957,66,6,0.15,15143,0.169800961,1.504221715,541.143537820,17581,0.124891690,2930.166666667,0,10067,359.612609379,0.188746813,2,1.666666667,0.476190476,0.095238095,0.178677784,219,0.703370323,0.142942228
No Ban,Braum,Game 1,30/12/1899 0:27:59,14.15.604.8769,UTILITY,Red,Arek,RMIT Black,Lose,11,0,30,1.072066706,21,10,0.25,7997,0.089674962,1.167274850,285.777248362,26318,0.186960009,2631.8,0,6851,244.732118400,0.128449828,1,1.2,0.571428571,0.047619048,0.250148898,30,1.850164799,0.750446694
Lux1,DrMundo,Game 2,30/12/1899 0:24:03,14.15.607.22,TOP,Blue,Littleluck,SWIN,Lose,1,0,223,9.272349272,75,5,0.185185185,15137,0.294977222,1.613236705,629.397089397,44607,0.308849009,8921.4,1,9383,389.980413724,0.246791163,1,0.4,0.285714286,0.142857143,0.041580042,223,0.579846154,0.249480249
Camille3,Kindred,Game 2,30/12/1899 0:24:03,14.15.607.22,JUNGLE,Blue,PI PI MA,SWIN,Lose,2,102,23,5.197505198,51.000000030,6,0.222222222,6858,0.133645315,0.893899896,285.155925156,28736,0.198959297,4789.333333333,1,7672,318.877169643,0.201788532,3,0.833333333,0.714285714,0.428571429,0.166320166,125,0.746419507,0.166320166
Aurora5,Galio,Game 2,30/12/1899 0:24:03,14.15.607.22,MIDDLE,Blue,xyc mylovelywife,SWIN,Lose,2,0,130,5.405405405,65,6,0.222222222,8942,0.174245067,1.216598639,371.808731809,24387,0.168847966,4064.5,0,7350,305.474450343,0.193319306,2,0.666666667,0.571428571,0.285714286,0,130,0.650533395,0.374220374
No Ban,Zeri,Game 2,30/12/1899 0:24:03,14.15.607.22,BOTTOM,Blue,Arcus,SWIN,Lose,4,0,199,8.274428274,65,2,0.074074074,15582,0.303636841,1.826086957,647.900207900,14672,0.101585487,7336,0,8533,354.656309986,0.224434508,1,2.5,0.714285714,0.142857143,0.166320166,199,0.794188750,0.332640333
No Ban,Alistar,Game 2,30/12/1899 0:24:03,14.15.607.22,UTILITY,Blue,dionaea,SWIN,Lose,5,0,17,0.706860707,10,8,0.296296296,4798,0.093495555,0.944116490,199.501039501,32028,0.221758241,4003.5,0,5082,211.240618457,0.133666491,0,0.625,0.714285714,0,0.124740125,17,1.797278325,0.956340956
Elise2,Renekton,Game 2,30/12/1899 0:24:03,14.15.607.22,TOP,Red,ftr,UQ,Win,5,9,191,8.316008316,77,2,0.285714286,19688,0.162055865,1.643680080,818.627858628,24696,0.301872287,12348,0,11978,497.823480587,0.217710567,5,5,0.370370370,0.185185185,0.041580042,200,0.781003926,0.415800416
Yuumi4,Taliyah,Game 2,30/12/1899 0:24:03,14.15.607.22,JUNGLE,Red,Luquhorijy,UQ,Win,15,147,32,7.442827443,68.750000119,1,0.142857143,30493,0.250984219,2.805501886,1267.900207900,16077,0.196526610,16077,0,10869,451.729067855,0.197553528,4,19,0.703703704,0.148148148,0.249480249,179,1.399151575,0.291060291
Yone6,Ezreal,Game 2,30/12/1899 0:24:03,14.15.607.22,MIDDLE,Red,shyshyshyy,UQ,Win,8,12,198,8.731808732,87,0,0,41781,0.343892259,2.951260860,1737.255717256,13640,0.166732403,13640,0,14157,588.381162968,0.257315788,12,20,0.740740741,0.444444444,0,210,0.227743362,0.166320166
No Ban,Varus,Game 2,30/12/1899 0:24:03,14.15.607.22,BOTTOM,Red,Bot Incident,UQ,Win,8,0,187,7.775467775,64,1,0.142857143,22215,0.182851515,1.975369020,923.700623701,9918,0.121238661,9918,0,11246,467.411393926,0.204405831,6,14,0.518518519,0.222222222,0.041580042,187,0.566884389,0.249480249
No Ban,Leona,Game 2,30/12/1899 0:24:03,14.15.607.22,UTILITY,Red,Caine,UQ,Win,11,4,23,1.122661123,13,3,0.428571429,7315,0.060216142,1.080821513,304.158004158,17477,0.213630038,5825.666666667,0,6768,281.309681054,0.123014286,0,3.666666667,0.407407407,0,0.332640333,27,2.900790511,1.039501040
Bel'Veth1,Aatrox,Game 3,30/12/1899 0:39:05,14.16.609.8277,TOP,Blue,ftr,UQ,Win,8,5,245,6.396588486,61,9,0.428571429,26552,0.207727151,1.874347028,679.368869936,49646,0.301470669,5516.222222222,0,14166,362.343486724,0.195890259,4,1.333333333,0.521739130,0.173913043,0.102345416,250,0.673823275,0.358208955
Rek'Sai3,Viego,Game 3,30/12/1899 0:39:05,14.16.609.8277,JUNGLE,Blue,Luquhorijy,UQ,Win,9,250,19,6.882729211,79.600000083,4,0.190476190,17934,0.140307775,1.102680767,458.865671642,51036,0.309913938,12759,1,16264,415.987767565,0.224901820,8,4.25,0.739130435,0.347826087,0.204690832,269,1.391217940,0.230277186
Janna5,Lux,Game 3,30/12/1899 0:39:05,14.16.609.8277,MIDDLE,Blue,shyshyshyy,UQ,Win,13,4,333,8.622601279,89,2,0.095238095,44034,0.344492512,2.681076473,1126.669509595,17731,0.107674599,8865.5,1,16424,420.092051575,0.227114332,5,9,0.782608696,0.217391304,0.230277186,337,1.061353901,0.307036247
No Ban,Jhin,Game 3,30/12/1899 0:39:05,14.16.609.8277,BOTTOM,Blue,Bot Incident,UQ,Win,9,16,318,8.545842217,60,1,0.047619048,30909,0.241815799,1.910557547,790.848614072,19573,0.118856789,19573,0,16178,413.790232198,0.223712595,6,15,0.652173913,0.260869565,0.127931770,334,0.526177899,0.204690832
No Ban,Rell,Game 3,30/12/1899 0:39:05,14.16.609.8277,UTILITY,Blue,Caine,UQ,Win,20,0,38,0.972281450,23,5,0.238095238,8392,0.065656763,0.903920724,214.720682303,26692,0.162084005,5338.4,0,9284,237.461603913,0.128380995,0,4,0.869565217,0,0.358208955,38,3.394929380,1.611940299
Kindred2,Jayce,Game 3,30/12/1899 0:39:05,14.16.609.8277,TOP,Red,starducksc,UNSWR,Lose,6,12,266,7.113006397,75,5,0.217391304,46939,0.362192003,2.752374809,1200.997867804,27294,0.162519832,5458.8,0,17054,436.190875811,0.248741996,11,3.4,0.809523810,0.523809524,0.281449893,278,1.533662312,0.332622601
Lillia4,Sejuani,Game 3,30/12/1899 0:39:05,14.16.609.8277,JUNGLE,Red,zhenlabixiaoxin,UNSWR,Lose,14,151,14,4.221748401,70.000000089,7,0.304347826,11066,0.085388757,0.967646030,283.138592751,58335,0.347346991,8333.571428571,0,11436,292.516557541,0.166800368,0,2,0.666666667,0,0.153518124,165,0.824789472,0.153518124
Leona6,Anivia,Game 3,30/12/1899 0:39:05,14.16.609.8277,MIDDLE,Red,SlickMan99,UNSWR,Lose,5,0,292,7.471215352,76,4,0.173913043,28860,0.222690261,2.011850819,738.422174840,39688,0.236320082,9922,0,14345,366.925238438,0.209229737,3,2,0.380952381,0.142857143,0.127931770,292,1.265643841,0.409381663
No Ban,Ashe,Game 3,30/12/1899 0:39:05,14.16.609.8277,BOTTOM,Red,geranium,UNSWR,Lose,11,15,322,8.622601279,79,4,0.173913043,33413,0.257826375,2.068532161,854.916844350,26456,0.157531913,6614,0,16153,413.158953753,0.235600414,5,4,0.761904762,0.238095238,0.383795309,337,1.468568708,0.358208955
No Ban,Seraphine,Game 3,30/12/1899 0:39:05,14.16.609.8277,UTILITY,Red,Jelloshi,UNSWR,Lose,13,0,44,1.125799574,13,3,0.130434783,9318,0.071902604,0.973362582,238.413646055,16170,0.096281181,5390,0,9573,244.852412327,0.139627485,2,5,0.714285714,0.095238095,0.434968017,44,3.067638012,1.228144989
Ashe1,Aatrox,Game 4,30/12/1899 0:28:18,14.16.612.449,TOP,Blue,ftr,UQ,Win,5,20,227,8.727915194,84,2,0.181818182,19458,0.225433112,1.574654042,687.561837456,24301,0.230734660,12150.5,1,12357,436.578380944,0.213099488,6,5.5,0.55,0.3,0,247,0.676650525,0.282685512
Ivern3,Brand,Game 4,30/12/1899 0:28:18,14.16.612.449,JUNGLE,Blue,Luquhorijy,UQ,Win,11,188,25,7.526501767,74.800000072,2,0.181818182,20578,0.238404254,1.732592405,727.137809187,30423,0.288858704,15211.5,1,11877,419.649737267,0.204821770,4,7.5,0.75,0.2,0.176678445,213,1.229464288,0.212014134
Zyra5,Zoe,Game 4,30/12/1899 0:28:18,14.16.612.449,MIDDLE,Blue,shyshyshyy,UQ,Win,10,8,226,8.268551237,88,2,0.181818182,21565,0.249843229,1.652997087,762.014134276,11631,0.110431703,5815.5,0,13046,460.941007186,0.224981461,4,7,0.7,0.2,0.070671378,234,0.500668301,0.282685512
No Ban,Zeri,Game 4,30/12/1899 0:28:18,14.16.612.449,BOTTOM,Blue,Bot Incident,UQ,Win,7,8,269,9.787985866,86,2,0.181818182,17346,0.200964820,1.311805188,612.932862191,17950,0.170429150,8975,0,13223,467.185112293,0.228033870,5,6,0.6,0.25,0.282685512,277,0.805461533,0.247349823
No Ban,Braum,Game 4,30/12/1899 0:28:18,14.16.612.449,UTILITY,Blue,Caine,UQ,Win,12,0,32,1.130742049,13,3,0.272727273,7367,0.085354585,0.984366649,260.318021201,21016,0.199545784,7005.333333333,0,7484,264.428727141,0.129063411,1,4.333333333,0.65,0.05,0.212014134,32,2.356613373,1.130742049
Kindred2,KSante,Game 4,30/12/1899 0:28:18,14.16.612.449,TOP,Red,Ayuki X Meow,USYD,Lose,1,4,205,7.385159011,68,4,0.2,15443,0.238351092,1.377363539,545.689045936,26258,0.226686304,6564.5,0,11212,396.130241348,0.233904953,5,1.5,0.545454545,0.454545455,0.035335689,209,0.626339305,0.318021201
Lux4,Lillia,Game 4,30/12/1899 0:28:18,14.16.612.449,JUNGLE,Red,Tezzaboy,USYD,Lose,7,155,25,6.360424028,62.200000107,5,0.25,13313,0.205472813,1.395785280,470.424028269,35301,0.304752991,7060.2,0,9538,337.010130785,0.198981933,1,1.6,0.727272727,0.090909091,0.176678445,180,0.829781947,0.212014134
Senna6,Corki,Game 4,30/12/1899 0:28:18,14.16.612.449,MIDDLE,Red,Mesaana,USYD,Lose,4,0,217,7.667844523,88,4,0.2,16146,0.249188986,1.690503612,570.530035336,18935,0.163469011,4733.75,0,9551,337.452449022,0.199253140,1,1.25,0.454545455,0.090909091,0.070671378,217,0.448301269,0.212014134
No Ban,Kaisa,Game 4,30/12/1899 0:28:18,14.16.612.449,BOTTOM,Red,chika takami,USYD,Lose,2,0,252,8.904593640,66,3,0.15,16314,0.251793765,1.470127061,576.466431095,17168,0.148212680,5722.666666667,0,11097,392.066709944,0.231505821,3,1.666666667,0.454545455,0.272727273,0.141342756,252,0.535152477,0.247349823
No Ban,Rell,Game 4,30/12/1899 0:28:18,14.16.612.449,UTILITY,Red,Shao,USYD,Lose,6,0,32,1.130742049,18,4,0.2,3576,0.055193344,0.547123623,126.360424028,18172,0.156879013,4543,0,6536,230.942148702,0.136354154,1,1.75,0.636363636,0.090909091,0.247349823,32,2.002296778,0.918727915
Lillia1,Ornn,Game 5,30/12/1899 0:25:55,14.17.614.2229,TOP,Blue,King Crimson,UWA,Lose,2,0,161,6.212218650,76,4,0.235294118,13074,0.298342284,1.708796236,504.463022508,23023,0.262679058,5755.75,0,7651,295.051069791,0.189822855,2,1,0.8,0.4,0.115755627,161,0.784778472,0.347266881
Lux3,Kindred,Game 5,30/12/1899 0:25:55,14.17.614.2229,JUNGLE,Blue,UWA JG,UWA,Lose,2,167,26,7.446945338,64.000000089,5,0.294117647,6131,0.139911572,0.747956569,236.565916399,29789,0.339883762,5957.8,0,8197,316.105660287,0.203369225,0,0.4,0.4,0,0.463022508,193,1.196115020,0.192926045
Zoe5,Aurora,Game 5,30/12/1899 0:25:55,14.17.614.2229,MIDDLE,Blue,exonerate,UWA,Lose,2,0,207,7.987138264,97,3,0.176470588,13740,0.313536390,1.524126456,530.160771704,17424,0.198799202,5808,0,9015,347.640793701,0.223663971,2,1.333333333,0.8,0.4,0.077170418,207,0.756489638,0.385852090
No Ban,Varus,Game 5,30/12/1899 0:25:55,14.17.614.2229,BOTTOM,Blue,AdolfCromwell,UWA,Lose,3,0,259,9.993569132,72,2,0.117647059,8334,0.190190502,0.831736527,321.569131833,9788,0.111684880,4894,0,10020,386.414083960,0.248598224,1,2,0.8,0.2,0.270096463,259,0.968875992,0.385852090
No Ban,Renata,Game 5,30/12/1899 0:25:55,14.17.614.2229,UTILITY,Blue,T1 GumaYuri,UWA,Lose,3,0,37,1.427652733,12,3,0.176470588,2542,0.058019251,0.468744238,98.083601286,7621,0.086953098,2540.333333333,0,5423,209.140134151,0.134545725,0,1,0.6,0,0.424437299,37,2.815626909,1.581993569
Ivern2,Camille,Game 5,30/12/1899 0:25:55,14.17.614.2229,TOP,Red,ftr,UQ,Win,3,8,222,8.874598071,81,1,0.2,19813,0.318714307,1.437808418,764.488745981,20580,0.265722731,20580,0,13780,531.396013469,0.252464182,5,8,0.470588235,0.294117647,0.115755627,230,0.816472481,0.308681672
Nasus4,XinZhao,Game 5,30/12/1899 0:25:55,14.17.614.2229,JUNGLE,Red,Luquhorijy,UQ,Win,9,170,15,7.138263666,77.500000089,1,0.2,12582,0.202403614,1.213658725,485.479099678,31077,0.401257697,31077,1,10367,399.775760358,0.189934411,4,13,0.764705882,0.235294118,0.385852090,185,1.640667192,0.231511254
Vladimir6,Seraphine,Game 5,30/12/1899 0:25:55,14.17.614.2229,MIDDLE,Red,shyshyshyy,UQ,Win,6,4,228,8.951768489,95,1,0.2,14323,0.230415391,1.188828021,552.655948553,7467,0.096416941,7467,0,12048,464.613690771,0.220732109,7,13,0.764705882,0.411764706,0.115755627,232,0.514485095,0.231511254
No Ban,Zeri,Game 5,30/12/1899 0:25:55,14.17.614.2229,BOTTOM,Red,Bot Incident,UQ,Win,12,4,249,9.762057878,80,2,0.4,9903,0.159306492,0.872357294,382.109324759,9330,0.120473252,4665,0,11352,437.765388938,0.207980653,1,6.5,0.764705882,0.058823529,0.308681672,253,0.961225473,0.270096463
No Ban,Rakan,Game 5,30/12/1899 0:25:55,14.17.614.2229,UTILITY,Red,Caine,UQ,Win,12,0,40,1.543408360,20,0,0,5542,0.089160197,0.787775409,213.839228296,8994,0.116129380,8994,0,7035,271.306874086,0.128888645,0,12,0.705882353,0,0.617363344,40,4.545488397,2.237942122
Kindred1,Camille,Game 6,30/12/1899 0:29:08,14.17.615.2328,TOP,Blue,Gronk,UNSWM,Lose,6,8,222,7.894736842,75,5,0.227272727,21759,0.273255387,1.688052754,746.876430206,29965,0.286833349,5993,0,12890,442.243443064,0.239310844,6,2.4,0.631578947,0.315789474,0,230,0.639632505,0.343249428
Lux3,Syndra,Game 6,30/12/1899 0:29:08,14.17.615.2328,MIDDLE,Blue,tteridge,UNSWM,Lose,7,0,204,7.002288330,80,6,0.272727273,12901,0.162013343,1.216616371,442.826086957,14118,0.135148940,2353,0,10604,363.805009941,0.196869836,4,1.833333333,0.578947368,0.210526316,0.068649886,204,0.639328757,0.308924485
Zoe5,MissFortune,Game 6,30/12/1899 0:29:08,14.17.615.2328,BOTTOM,Blue,a6ove,UNSWM,Lose,9,0,215,7.379862700,62,6,0.272727273,19520,0.245136613,1.651577968,670.022883295,17737,0.169787620,2956.166666667,0,11819,405.479096073,0.219427065,4,2.166666667,0.684210526,0.210526316,0.205949657,215,0.754542696,0.308924485
No Ban,Seraphine,Game 6,30/12/1899 0:29:08,14.17.615.2328,UTILITY,Blue,AmaryIiss,UNSWM,Lose,13,0,31,1.064073227,14,2,0.090909091,9344,0.117352890,1.225121280,320.732265446,10857,0.103933820,5428.5,0,7627,261.674659880,0.141599985,2,7.5,0.789473684,0.105263158,0.205949657,31,2.211682043,1.167048055
No Ban,Maokai,Game 6,30/12/1899 0:29:08,14.17.615.2328,JUNGLE,Blue,nrab,UNSWM,Lose,9,159,32,6.556064073,82.000000060,3,0.136363636,16104,0.202241767,1.474320242,552.768878719,31789,0.304296272,10596.333333333,0,10923,374.748265959,0.202792269,3,4,0.631578947,0.157894737,0.102974828,191,0.742944710,0.137299771
Zac2,Jax,Game 6,30/12/1899 0:29:08,14.17.615.2328,TOP,Red,ftr,UQ,Win,4,0,167,5.732265446,66,5,0.263157895,19638,0.250167058,1.776390773,674.073226545,33903,0.280348842,6780.6,0,11055,379.275572911,0.187949472,7,2.2,0.5,0.318181818,0.102974828,167,0.730395631,0.308924485
Smolder4,Lillia,Game 6,30/12/1899 0:29:08,14.17.615.2328,JUNGLE,Red,Luquhorijy,UQ,Win,10,211,22,7.997711670,77.000000119,2,0.105263158,15326,0.195229265,1.100057422,526.064073227,35283,0.291762971,17641.5,1,13932,477.966763742,0.236862238,6,8,0.727272727,0.272727273,0.068649886,233,0.977845382,0.205949657
Yasuo6,Hwei,Game 6,30/12/1899 0:29:08,14.17.615.2328,MIDDLE,Red,shyshyshyy,UQ,Win,10,0,215,7.379862700,84,4,0.210526316,16886,0.215106972,1.495527411,579.610983982,16053,0.132743532,4013.25,1,11291,387.362430688,0.191961781,0,2.5,0.454545455,0,0.068649886,215,0.643214862,0.240274600
No Ban,Zeri,Game 6,30/12/1899 0:29:08,14.17.615.2328,BOTTOM,Red,Bot Incident,UQ,Win,7,12,264,9.473684211,76,5,0.263157895,18550,0.236299373,1.298655839,636.727688787,19335,0.159883334,3867,0,14284,490.044819854,0.242846699,7,2.8,0.636363636,0.318181818,0.240274600,276,0.765564528,0.205949657
No Ban,Leona,Game 6,30/12/1899 0:29:08,14.17.615.2328,UTILITY,Red,Caine,UQ,Win,13,0,37,1.270022883,22,3,0.157894737,8101,0.103197332,0.981106940,278.066361556,16357,0.135261320,5452.333333333,0,8257,283.280168851,0.140379809,2,5,0.681818182,0.090909091,0.480549199,37,3.428080077,1.304347826
Zac1,Jax,Game 7,30/12/1899 0:29:42,14.17.615.2328,TOP,Blue,ftr,UQ,Win,4,4,208,7.138047138,72,3,0.214285714,23927,0.257630995,1.798616853,805.622895623,35971,0.300849467,11990.333333333,0,13303,447.726500025,0.220449084,10,4.666666667,0.518518519,0.370370370,0.202020202,212,0.956253681,0.303030303
Smolder3,XinZhao,Game 7,30/12/1899 0:29:42,14.17.615.2328,JUNGLE,Blue,Luquhorijy,UQ,Win,16,186,26,7.138047138,66.500000030,4,0.285714286,21094,0.227133187,1.685093465,710.235690236,44333,0.370786886,11083.25,0,12518,421.307045314,0.207440550,5,5.25,0.777777778,0.185185185,0.202020202,212,1.069402103,0.168350168
Yasuo5,Seraphine,Game 7,30/12/1899 0:29:42,14.17.615.2328,MIDDLE,Blue,shyshyshyy,UQ,Win,13,4,249,8.518518519,93,2,0.142857143,21372,0.230117958,1.734036511,719.595959596,9999,0.083628706,4999.5,0,12325,414.813446665,0.204242274,4,8.5,0.629629630,0.148148148,0.202020202,253,0.629756909,0.202020202
No Ban,Kaisa,Game 7,30/12/1899 0:29:42,14.17.615.2328,BOTTOM,Blue,Bot Incident,UQ,Win,4,7,239,8.282828283,61,3,0.214285714,16120,0.173569469,1.226881802,542.760942761,14244,0.119139336,4748,0,13139,442.189244924,0.217731378,5,3,0.333333333,0.185185185,0.202020202,246,0.762897623,0.269360269
No Ban,Rakan,Game 7,30/12/1899 0:29:42,14.17.615.2328,UTILITY,Blue,Caine,UQ,Win,17,0,38,1.279461279,27,2,0.142857143,10359,0.111548391,1.143377483,348.787878788,15016,0.125595605,7508,0,9060,304.915871605,0.150136714,3,10,0.740740741,0.111111111,0.336700337,38,3.748949320,2.053872054
Kindred2,Fiora,Game 7,30/12/1899 0:29:42,14.17.615.2328,TOP,Red,Gronk,UNSWM,Lose,1,5,198,6.835016835,63,8,0.296296296,25356,0.310547632,1.913515961,853.737373737,38813,0.302165603,4851.625,1,13251,445.962494955,0.257942070,9,1.25,0.714285714,0.642857143,0.269360269,203,0.781817818,0.370370370
Lux4,Nami,Game 7,30/12/1899 0:29:42,14.17.615.2328,UTILITY,Red,AmaryIiss,UNSWM,Lose,9,6,26,1.077441077,12,4,0.148148148,8060,0.098720844,1.141319739,271.380471380,12701,0.098881643,3175.25,0,7062,237.694490576,0.137467881,0,2.25,0.642857143,0,0.303030303,32,2.741153553,1.245791246
Zoe6,Syndra,Game 7,30/12/1899 0:29:42,14.17.615.2328,MIDDLE,Red,tteridge,UNSWM,Lose,6,8,228,7.946127946,85,3,0.111111111,13081,0.160214332,1.302369574,440.437710438,11836,0.092150913,3945.333333333,0,10044,338.042778619,0.195515067,1,2.333333333,0.5,0.071428571,0.101010101,236,0.704588459,0.370370370
No Ban,Lucian,Game 7,30/12/1899 0:29:42,14.17.615.2328,BOTTOM,Red,a6ove,UNSWM,Lose,3,0,264,8.888888889,80,6,0.222222222,16012,0.196105792,1.365279673,539.124579125,21252,0.165454530,3542,0,11728,394.724086388,0.228295570,4,1.166666667,0.5,0.285714286,0.303030303,264,0.901185652,0.370370370
No Ban,Maokai,Game 7,30/12/1899 0:29:42,14.17.615.2328,JUNGLE,Red,nrab,UNSWM,Lose,8,153,14,5.622895623,74.500000119,6,0.222222222,19140,0.234411400,2.060945408,644.444444444,43846,0.341347311,7307.666666667,0,9287,312.545783466,0.180779413,0,1.333333333,0.571428571,0,0.202020202,167,0.729308522,0.202020202
Aatrox1,Renekton,Game 8,30/12/1899 0:30:19,14.18.616.8335,TOP,Blue,ftr,UQ,Win,7,7,221,7.520615723,73,2,0.4,19094,0.223442981,1.562648335,629.818581638,24125,0.289634938,12062.5,0,12219,402.940969007,0.197910593,3,5,0.588235294,0.176470588,0.032985157,228,0.474623340,0.263881253
Ahri3,XinZhao,Game 8,30/12/1899 0:30:19,14.18.616.8335,JUNGLE,Blue,Luquhorijy,UQ,Win,10,195,16,6.959868059,80.500000089,0,0,25001,0.292564332,1.880905808,824.661902144,30330,0.364136228,30330,0,13292,438.316827854,0.215289925,6,16,0.941176471,0.352941176,0.362836723,211,1.273795719,0.131940627
Akali5,Lux,Game 8,30/12/1899 0:30:19,14.18.616.8335,MIDDLE,Blue,shyshyshyy,UQ,Win,5,0,275,9.070918087,77,2,0.4,19139,0.223966163,1.324589937,631.302913689,9468,0.113674169,4734,0,14449,476.449006246,0.234029802,6,5.5,0.647058824,0.352941176,0.065970313,275,0.741462984,0.263881253
No Ban,Jhin,Game 8,30/12/1899 0:30:19,14.18.616.8335,BOTTOM,Blue,ìmp,UQ,Win,11,4,273,9.136888400,73,1,0.2,15402,0.180237459,1.170098002,508.037383178,7597,0.091207885,7597,0,13163,434.074054893,0.213200518,1,12,0.705882353,0.058823529,0.230896097,277,0.842770222,0.296866410
No Ban,Rell,Game 8,30/12/1899 0:30:19,14.18.616.8335,UTILITY,Blue,Caine,UQ,Win,13,4,38,1.385376581,18,0,0,6818,0.079789065,0.791226645,224.892798241,11773,0.141346780,11773,0,8617,284.153662776,0.139569161,1,14,0.823529412,0.058823529,0.461792194,42,3.454350946,1.418361737
Kindred2,Fiora,Game 8,30/12/1899 0:30:19,14.18.616.8335,TOP,Red,Walnutter,QUT,Lose,1,0,232,7.652556350,86,6,0.352941176,20924,0.449733941,1.857269661,690.181418362,32974,0.286440664,5495.666666667,0,11266,371.501228242,0.239819486,3,0.666666667,0.8,0.6,0,232,0.457434627,0.296866410
Seraphine4,Amumu,Game 8,30/12/1899 0:30:19,14.18.616.8335,JUNGLE,Red,Rabidd,QUT,Lose,3,149,11,5.277625069,61.000000119,5,0.294117647,9739,0.209345582,1.115322950,321.242440902,27715,0.240758056,5543,0,8732,287.932412130,0.185878196,1,0.8,0.8,0.2,0.065970313,160,0.586709433,0.131940627
Lillia6,Kassadin,Game 8,30/12/1899 0:30:19,14.18.616.8335,MIDDLE,Red,Kipkangaroo,QUT,Lose,1,0,268,8.840021990,81,1,0.058823529,7703,0.165580075,0.740388312,254.084661902,27378,0.237827813,27378,1,10404,343.096897418,0.221470081,1,2,0.4,0.2,0.098955470,268,0.662514404,0.329851567
No Ban,Xayah,Game 8,30/12/1899 0:30:19,14.18.616.8335,BOTTOM,Red,JinxsFishbonez,QUT,Lose,0,0,279,9.202858714,60,2,0.117647059,5829,0.125297916,0.551362089,192.270478285,12272,0.106602515,6136,0,10572,348.625637259,0.225046299,0,0,0,0,0.230896097,279,0.757410085,0.296866410
No Ban,Nautilus,Game 8,30/12/1899 0:30:19,14.18.616.8335,UTILITY,Red,kenvo,QUT,Lose,1,0,34,1.121495327,17,3,0.176470588,2328,0.050042486,0.387806097,76.789444750,14778,0.128370953,4926,0,6003,197.968587540,0.127785938,0,0.333333333,0.2,0,0.263881253,34,2.713639729,1.484332051
Amumu1,Malphite,Game 9,30/12/1899 0:30:11,14.18.616.8335,TOP,Blue,ftr,UQ,Win,8,4,230,7.752622860,63,0,0,20323,0.228045035,1.856999269,673.318608504,17580,0.228003149,17580,0,10944,362.485971816,0.183470243,2,10,0.555555556,0.111111111,0.033130867,234,0.461151147,0.231916068
Shyvana3,Viego,Game 9,30/12/1899 0:30:11,14.18.616.8335,JUNGLE,Blue,Luquhorijy,UQ,Win,7,235,20,8.448371066,70.000000089,1,0.166666667,13427,0.150665577,0.951122760,444.848150193,26636,0.345453137,26636,1,14117,467.561868278,0.236663873,7,14,0.777777778,0.388888889,0.231916068,255,1.400150773,0.265046935
Fiora5,Lux,Game 9,30/12/1899 0:30:11,14.18.616.8335,MIDDLE,Blue,shyshyshyy,UQ,Win,8,4,287,9.641082275,104,2,0.333333333,36467,0.409186787,2.371528907,1208.183324130,11310,0.146685015,5655,1,15377,509.303509441,0.257787091,5,6.5,0.722222222,0.277777778,0.099392601,291,0.751201975,0.298177802
No Ban,Jhin,Game 9,30/12/1899 0:30:11,14.18.616.8335,BOTTOM,Blue,ìmp,UQ,Win,4,4,250,8.415240199,69,2,0.333333333,12005,0.134707276,1.087015574,397.736057427,10007,0.129788205,5003.5,0,11044,365.789171062,0.185146689,2,3,0.333333333,0.111111111,0.099392601,254,1.003754396,0.331308669
No Ban,Leona,Game 9,30/12/1899 0:30:11,14.18.616.8335,UTILITY,Blue,Caine,UQ,Win,10,0,40,1.325234677,17,1,0.166666667,6897,0.077395325,0.844392752,228.503589177,11571,0.150070494,11571,1,8168,270.535886463,0.136932104,2,12,0.666666667,0.111111111,0.331308669,40,3.176929290,1.192711209
Kindred2,Jax,Game 9,30/12/1899 0:30:11,14.18.616.8335,TOP,Red,Walnutter,QUT,Lose,1,0,189,6.261733849,72,3,0.166666667,11065,0.213473798,1.180266667,366.593042518,26190,0.212520468,8730,0,9375,310.522819259,0.200689301,1,0.666666667,0.333333333,0.166666667,0.033130867,189,0.454245397,0.298177802
Seraphine4,Lillia,Game 9,30/12/1899 0:30:11,14.18.616.8335,JUNGLE,Red,Rabidd,QUT,Lose,2,162,20,6.029817780,68.250000089,3,0.166666667,11323,0.218446031,1.163840066,375.140806184,33565,0.272361222,11188.333333333,0,9729,322.228346223,0.208267329,2,1.333333333,0.666666667,0.333333333,0.198785202,182,0.511312316,0.066261734
Xin Zhao6,Kassadin,Game 9,30/12/1899 0:30:11,14.18.616.8335,MIDDLE,Red,Kipkangaroo,QUT,Lose,2,0,239,7.918277195,85,7,0.388888889,13615,0.262669122,1.323257848,451.076753175,35377,0.287063378,5053.857142857,0,10289,340.785656261,0.220255170,1,0.428571429,0.5,0.166666667,0.099392601,239,0.692295624,0.331308669
No Ban,Xayah,Game 9,30/12/1899 0:30:11,14.18.616.8335,BOTTOM,Red,JinxsFishbonez,QUT,Lose,2,0,281,9.309773606,61,2,0.111111111,11765,0.226984808,1.096969697,389.784649365,13688,0.111070156,6844,0,10725,355.226766892,0.229588560,1,1.5,0.5,0.166666667,0.132523468,281,0.386677659,0.132523468
No Ban,Nautilus,Game 9,30/12/1899 0:30:11,14.18.616.8335,UTILITY,Red,kenvo,QUT,Lose,3,0,32,1.060187742,17,3,0.166666667,4065,0.078426241,0.616282596,134.676974047,14417,0.116984776,4805.666666667,0,6596,218.468299108,0.141199640,1,1.333333333,0.666666667,0.166666667,0.198785202,32,2.816412034,1.457758145
